Workbook

Sheet Cover
B2: [DEAL] — Structured Finance / Securitization Model
B4: Asset class: | C4: RMBS / ABS / CLO
B5: Closing date: | C5: [date]
B6: Last refreshed: | C6: [date]
B7: Refresh cadence: | C7: Weekly (monthly at distribution date)

Sheet Collateral Pool
B2: Collateral Pool Summary
B5: Aggregate pool balance ($) | C5: 0
B6: Weighted avg coupon (WAC, %) | C6: 0.06
B7: Weighted avg maturity (WAM, months) | C7: 360
B8: Conditional prepayment rate assumption (CPR, %) | C8: 0.08
B9: Cumulative default rate assumption (%) | C9: 0.03
B10: Recovery rate on defaults (%) | C10: 0.5
B12: Single Monthly Mortality (SMM) from CPR | C12: =1-(1-C8)^(1/12) -> 0.0069243826 | D12: SMM = 1-(1-CPR)^(1/12) — standard CPR-to-SMM conversion

Sheet Waterfall
B2: Tranche Structure & Credit Enhancement
B4: Tranche | C4: Face ($) | D4: % of pool | E4: Coupon | F4: Credit enhancement % | G4: Notes
B5: Class A (senior) | C5: 0 | D5: =IFERROR(C5/$C$10,"-") -> - | E5: 0 | F5: =IFERROR(SUM(C6:C9)/$C$10,"-") -> -
B6: Class B (mezz) | C6: 0 | D6: =IFERROR(C6/$C$10,"-") -> - | E6: 0 | F6: =IFERROR(SUM(C7:C9)/$C$10,"-") -> -
B7: Class C (mezz) | C7: 0 | D7: =IFERROR(C7/$C$10,"-") -> - | E7: 0 | F7: =IFERROR(SUM(C8:C9)/$C$10,"-") -> -
B8: Class D (subordinate) | C8: 0 | D8: =IFERROR(C8/$C$10,"-") -> - | E8: 0 | F8: =IFERROR(SUM(C9:C9)/$C$10,"-") -> -
B9: Equity / residual | C9: 0 | D9: =IFERROR(C9/$C$10,"-") -> - | E9: 0 | F9: =IFERROR(SUM(C10:C9)/$C$10,"-") -> -
B10: Total | C10: =SUM(C5:C9) -> 0
B12: CE% for a tranche = subordinate tranche cushion that absorbs losses before it does

Sheet WAL & CPR
B2: Weighted Average Life
B4: Principal paydown schedule (months 1-6 sample, extend as needed)
B5: Month | C5: Beg. balance | D5: Scheduled prin. | E5: Prepayment (SMM x bal) | F5: End balance
B6: 1 | C6: ='Collateral Pool'!C5 -> 0 | D6: 0 | E6: =C6*'Collateral Pool'!$C$12 -> 0 | F6: =C6-D6-E6 -> 0
B7: 2 | C7: =F6 -> 0 | D7: 0 | E7: =C7*'Collateral Pool'!$C$12 -> 0 | F7: =C7-D7-E7 -> 0
B8: 3 | C8: =F7 -> 0 | D8: 0 | E8: =C8*'Collateral Pool'!$C$12 -> 0 | F8: =C8-D8-E8 -> 0
B9: 4 | C9: =F8 -> 0 | D9: 0 | E9: =C9*'Collateral Pool'!$C$12 -> 0 | F9: =C9-D9-E9 -> 0
B10: 5 | C10: =F9 -> 0 | D10: 0 | E10: =C10*'Collateral Pool'!$C$12 -> 0 | F10: =C10-D10-E10 -> 0
B11: 6 | C11: =F10 -> 0 | D11: 0 | E11: =C11*'Collateral Pool'!$C$12 -> 0 | F11: =C11-D11-E11 -> 0
B13: Total principal paid (sample months) | C13: =SUM(D6:E11) -> 0
B14: WAL (years) = sum(month x principal paid that month) / total principal / 12 | C14: =IFERROR(SUMPRODUCT(B6:B11,D6:D11+E6:E11)/C13/12,"-") -> - | D14: Computed on this 6-month sample schedule only — extend rows 6-11 to the deal's actual WAM for a real WAL, not just a demo of the mechanics

Sheet RefreshLog
B2: Refresh Log
B4: Date | C4: Trigger | D4: What changed | E4: Reviewer notes | F4: Next check
